Order_ID,Product,Location,Quantity,Discount,Order_Date,Category,Unit_Price,Sales,Profit,Month
1,Mobile,Mumbai,5,11,2025-01-01,Electronics,30000,133500.0,26235.163003478858,1
2,Table,Lucknow,1,29,2025-01-02,Clothing,10000,7100.0,1470.4488121262254,1
3,Chair,Delhi,2,27,2025-01-03,Furniture,5000,7300.0,1689.5314600425593,1
4,Shirt,Delhi,4,5,2025-01-04,Clothing,1500,5700.0,659.0329107090676,1
5,Laptop,Mumbai,2,3,2025-01-05,Clothing,50000,97000.0,19429.781726139867,1
6,Mobile,Jaipur,1,22,2025-01-06,Electronics,30000,23400.0,2951.3700022398934,1
7,Headphones,Agra,5,10,2025-01-07,Electronics,3000,13500.0,2161.6621976523656,1
8,Chair,Jaipur,3,4,2025-01-08,Furniture,5000,14400.0,2686.5696613298614,1
9,Mobile,Mumbai,5,17,2025-01-09,Electronics,30000,124500.0,20551.101527821487,1
10,Table,Agra,5,25,2025-01-10,Clothing,10000,37500.0,4057.3443472879258,1
11,Laptop,Jaipur,2,24,2025-01-11,Clothing,50000,76000.0,15412.881868138786,1
12,Table,Lucknow,1,14,2025-01-12,Clothing,10000,8600.0,1613.6431267537125,1
13,Mobile,Agra,5,12,2025-01-13,Electronics,30000,132000.0,29673.57951801113,1
14,Tablet,Mumbai,3,9,2025-01-14,Furniture,20000,54600.0,8344.62908097576,1
15,Laptop,Delhi,3,0,2025-01-15,Clothing,50000,150000.0,23571.914030086362,1
16,Mobile,Agra,1,4,2025-01-16,Electronics,30000,28800.0,4874.685559421717,1
17,Laptop,Jaipur,4,26,2025-01-17,Clothing,50000,148000.0,16526.91319597221,1
18,Tablet,Mumbai,2,8,2025-01-18,Furniture,20000,36800.0,3976.973641295295,1
19,Laptop,Jaipur,5,3,2025-01-19,Clothing,50000,242500.0,57900.82028002231,1
20,Shoes,Delhi,1,27,2025-01-20,Electronics,3000,2190.0,494.0023888816108,1
21,Chair,Jaipur,1,12,2025-01-21,Furniture,5000,4400.0,968.980100562952,1
22,Headphones,Jaipur,3,9,2025-01-22,Electronics,3000,8190.0,1588.88699309147,1
23,Laptop,Jaipur,5,10,2025-01-23,Clothing,50000,225000.0,22959.16223774251,1
24,Chair,Lucknow,2,29,2025-01-24,Furniture,5000,7100.0,971.64724647171,1
25,Shirt,Jaipur,1,19,2025-01-25,Clothing,1500,1215.0,231.62820393498578,1
26,Headphones,Delhi,4,26,2025-01-26,Electronics,3000,8880.0,1535.0871355686522,1
27,Shoes,Delhi,5,12,2025-01-27,Electronics,3000,13200.0,2058.236748631027,1
28,Laptop,Agra,1,19,2025-01-28,Clothing,50000,40500.0,4439.339568198375,1
29,Headphones,Delhi,2,7,2025-01-29,Electronics,3000,5580.0,793.0726251825849,1
30,Tablet,Mumbai,1,14,2025-01-30,Furniture,20000,17200.0,2296.5759191688708,1
31,Shoes,Agra,2,8,2025-01-31,Electronics,3000,5520.0,935.045544794153,1
32,Mobile,Agra,5,29,2025-02-01,Electronics,30000,106500.0,17685.469918214178,2
33,Laptop,Jaipur,5,6,2025-02-02,Clothing,50000,235000.0,41313.284685652725,2
34,Chair,Mumbai,3,14,2025-02-03,Furniture,5000,12900.0,3131.335208500026,2
35,Shoes,Mumbai,5,1,2025-02-04,Electronics,3000,14850.0,1526.6536400278803,2
36,Mobile,Delhi,2,5,2025-02-05,Electronics,30000,57000.0,8821.686639001751,2
37,Headphones,Delhi,4,24,2025-02-06,Electronics,3000,9120.0,2019.1458524613122,2
38,Shoes,Mumbai,2,29,2025-02-07,Electronics,3000,4260.0,1061.0741949871247,2
39,Table,Delhi,5,3,2025-02-08,Clothing,10000,48500.0,10494.02689451088,2
40,Table,Mumbai,1,24,2025-02-09,Clothing,10000,7600.0,1290.7872936972885,2
41,Table,Agra,1,8,2025-02-10,Clothing,10000,9200.0,2109.694569010267,2
42,Headphones,Delhi,3,25,2025-02-11,Electronics,3000,6750.0,855.7926293310904,2
43,Mobile,Mumbai,2,9,2025-02-12,Electronics,30000,54600.0,7541.100983240883,2
44,Shoes,Jaipur,2,27,2025-02-13,Electronics,3000,4380.0,486.0666223297263,2
45,Table,Mumbai,5,8,2025-02-14,Clothing,10000,46000.0,5694.042870106333,2
46,Chair,Agra,2,2,2025-02-15,Furniture,5000,9800.0,2358.7493218833174,2
47,Shoes,Lucknow,2,27,2025-02-16,Electronics,3000,4380.0,890.6403621248123,2
48,Shoes,Jaipur,4,10,2025-02-17,Electronics,3000,10800.0,1265.0400108694575,2
49,Shoes,Mumbai,3,1,2025-02-18,Electronics,3000,8910.0,1310.2558386091212,2
50,Mobile,Delhi,2,12,2025-02-19,Electronics,30000,52800.0,7855.566477625804,2
51,Chair,Mumbai,5,7,2025-02-20,Furniture,5000,23250.0,4813.619644408577,2
52,Mobile,Jaipur,3,14,2025-02-21,Electronics,30000,77400.0,16547.351939894408,2
53,Shirt,Mumbai,1,19,2025-02-22,Clothing,1500,1215.0,253.72172438090422,2
54,Mobile,Agra,1,14,2025-02-23,Electronics,30000,25800.0,5829.4314485027035,2
55,Chair,Delhi,3,26,2025-02-24,Furniture,5000,11100.0,1831.4116937744286,2
56,Headphones,Delhi,5,12,2025-02-25,Electronics,3000,13200.0,2049.920726361825,2
57,Tablet,Mumbai,3,7,2025-02-26,Furniture,20000,55799.99999999999,11771.88405291278,2
58,Table,Lucknow,2,7,2025-02-27,Clothing,10000,18600.0,3114.9172348925613,2
59,Table,Agra,4,2,2025-02-28,Clothing,10000,39200.0,7023.340392536871,2
60,Shoes,Lucknow,1,10,2025-03-01,Electronics,3000,2700.0,362.4336406292691,3
61,Shirt,Lucknow,2,28,2025-03-02,Clothing,1500,2160.0,449.44265937489183,3
62,Shoes,Lucknow,5,14,2025-03-03,Electronics,3000,12900.0,1702.650499592376,3
63,Laptop,Agra,5,13,2025-03-04,Clothing,50000,217500.0,33901.38262842861,3
64,Headphones,Lucknow,4,26,2025-03-05,Electronics,3000,8880.0,1431.8131891954395,3
65,Chair,Lucknow,3,7,2025-03-06,Furniture,5000,13949.999999999998,2970.6217538844153,3
66,Tablet,Mumbai,4,4,2025-03-07,Furniture,20000,76800.0,18888.23132770015,3
67,Laptop,Mumbai,1,25,2025-03-08,Clothing,50000,37500.0,4022.1230864922222,3
68,Mobile,Jaipur,4,30,2025-03-09,Electronics,30000,84000.0,9617.768288108506,3
69,Shirt,Mumbai,3,17,2025-03-10,Clothing,1500,3735.0,797.0881780398033,3
70,Tablet,Mumbai,4,0,2025-03-11,Furniture,20000,80000.0,13374.771340276235,3
71,Laptop,Jaipur,1,30,2025-03-12,Clothing,50000,35000.0,6429.975866918718,3
72,Shoes,Lucknow,2,23,2025-03-13,Electronics,3000,4620.0,715.3901150114307,3
73,Shirt,Lucknow,5,19,2025-03-14,Clothing,1500,6075.0,916.079265969241,3
74,Laptop,Jaipur,4,23,2025-03-15,Clothing,50000,154000.0,20847.450632111984,3
75,Headphones,Jaipur,2,3,2025-03-16,Electronics,3000,5820.0,780.5334552201571,3
76,Mobile,Delhi,5,7,2025-03-17,Electronics,30000,139500.0,15850.949295410233,3
77,Shoes,Mumbai,3,18,2025-03-18,Electronics,3000,7380.000000000001,1625.1060602992568,3
78,Shirt,Mumbai,5,4,2025-03-19,Clothing,1500,7200.0,919.0820836630684,3
79,Headphones,Mumbai,2,20,2025-03-20,Electronics,3000,4800.0,599.9357880735677,3
80,Chair,Jaipur,1,3,2025-03-21,Furniture,5000,4850.0,1122.7122122403027,3
81,Mobile,Delhi,5,29,2025-03-22,Electronics,30000,106500.0,15456.939639479862,3
82,Chair,Delhi,3,22,2025-03-23,Furniture,5000,11700.0,1314.7212357724725,3
83,Tablet,Mumbai,5,17,2025-03-24,Furniture,20000,83000.0,15402.535388615737,3
84,Laptop,Jaipur,4,23,2025-03-25,Clothing,50000,154000.0,28843.548699497438,3
85,Laptop,Jaipur,1,9,2025-03-26,Clothing,50000,45500.0,7549.5545633027405,3
86,Chair,Mumbai,4,17,2025-03-27,Furniture,5000,16600.0,2192.4068746566354,3
87,Table,Delhi,5,21,2025-03-28,Clothing,10000,39500.0,8967.210989917123,3
88,Chair,Delhi,5,25,2025-03-29,Furniture,5000,18750.0,2681.0563575890214,3
89,Shirt,Agra,2,5,2025-03-30,Clothing,1500,2850.0,707.1283818710548,3
90,Laptop,Mumbai,5,21,2025-03-31,Clothing,50000,197500.0,30166.645836740186,3
91,Laptop,Agra,4,6,2025-04-01,Clothing,50000,188000.0,44818.30842266009,4
92,Tablet,Delhi,1,25,2025-04-02,Furniture,20000,15000.0,3677.844247145885,4
93,Chair,Jaipur,2,14,2025-04-03,Furniture,5000,8600.0,1089.384892802486,4
94,Shoes,Delhi,2,25,2025-04-04,Electronics,3000,4500.0,578.1648615807104,4
95,Tablet,Mumbai,4,1,2025-04-05,Furniture,20000,79200.0,13433.058346571666,4
96,Laptop,Jaipur,4,7,2025-04-06,Clothing,50000,186000.0,27891.865474568713,4
97,Shirt,Jaipur,3,9,2025-04-07,Clothing,1500,4095.0,911.8387522863101,4
98,Table,Jaipur,5,1,2025-04-08,Clothing,10000,49500.0,8606.824699736917,4
99,Laptop,Delhi,1,6,2025-04-09,Clothing,50000,47000.0,10666.607710903892,4
100,Shirt,Lucknow,4,0,2025-04-10,Clothing,1500,6000.0,1320.231674412029,4
101,Table,Delhi,3,2,2025-04-11,Clothing,10000,29400.0,3727.348578606206,4
102,Shoes,Lucknow,5,26,2025-04-12,Electronics,3000,11100.0,1742.8496442544451,4
103,Shoes,Agra,2,27,2025-04-13,Electronics,3000,4380.0,826.9031708084486,4
104,Table,Lucknow,5,2,2025-04-14,Clothing,10000,49000.0,9536.627198489638,4
105,Tablet,Agra,4,22,2025-04-15,Furniture,20000,62400.0,7954.267411583632,4
106,Shoes,Mumbai,2,8,2025-04-16,Electronics,3000,5520.0,806.8141635813597,4
107,Headphones,Lucknow,2,21,2025-04-17,Electronics,3000,4740.0,534.2877869452188,4
108,Laptop,Jaipur,4,7,2025-04-18,Clothing,50000,186000.0,21153.631373363016,4
109,Chair,Agra,4,28,2025-04-19,Furniture,5000,14400.0,1776.6606786427083,4
110,Chair,Jaipur,3,17,2025-04-20,Furniture,5000,12450.0,2702.193624975042,4
111,Laptop,Jaipur,5,27,2025-04-21,Clothing,50000,182500.0,26034.3397435688,4
112,Shoes,Delhi,1,7,2025-04-22,Electronics,3000,2790.0,402.8860306991428,4
113,Shoes,Lucknow,4,1,2025-04-23,Electronics,3000,11880.0,2908.486036502499,4
114,Mobile,Mumbai,2,17,2025-04-24,Electronics,30000,49800.0,10440.802567185583,4
115,Mobile,Jaipur,5,1,2025-04-25,Electronics,30000,148500.0,15715.104947500502,4
116,Shirt,Mumbai,3,29,2025-04-26,Clothing,1500,3195.0,326.94020796383717,4
117,Chair,Lucknow,4,18,2025-04-27,Furniture,5000,16400.0,3783.2097135271315,4
118,Laptop,Jaipur,4,21,2025-04-28,Clothing,50000,158000.0,36034.547285246204,4
119,Tablet,Jaipur,3,11,2025-04-29,Furniture,20000,53400.0,7828.529033532399,4
120,Table,Agra,4,1,2025-04-30,Clothing,10000,39600.0,8399.247148876804,4
121,Mobile,Mumbai,1,8,2025-05-01,Electronics,30000,27600.0,4548.401178686,5
122,Headphones,Jaipur,4,30,2025-05-02,Electronics,3000,8400.0,1231.780610577096,5
123,Mobile,Mumbai,2,18,2025-05-03,Electronics,30000,49200.00000000001,8608.543066737668,5
124,Tablet,Jaipur,4,5,2025-05-04,Furniture,20000,76000.0,15361.011502229328,5
125,Table,Agra,3,30,2025-05-05,Clothing,10000,21000.0,3349.005911097024,5
126,Laptop,Jaipur,5,11,2025-05-06,Clothing,50000,222500.0,46462.0710818452,5
127,Mobile,Lucknow,2,8,2025-05-07,Electronics,30000,55200.0,9060.324697383148,5
128,Mobile,Lucknow,1,9,2025-05-08,Electronics,30000,27300.0,5183.269547832619,5
129,Table,Agra,1,6,2025-05-09,Clothing,10000,9400.0,1075.6321401597284,5
130,Laptop,Jaipur,3,29,2025-05-10,Clothing,50000,106500.0,26435.479184916807,5
131,Tablet,Agra,1,19,2025-05-11,Furniture,20000,16200.000000000002,3856.741973164465,5
132,Shirt,Agra,5,9,2025-05-12,Clothing,1500,6825.0,1525.4052366233188,5
133,Headphones,Mumbai,5,11,2025-05-13,Electronics,3000,13350.0,2892.6448395796006,5
134,Table,Jaipur,2,29,2025-05-14,Clothing,10000,14200.0,3470.651599335292,5
135,Laptop,Delhi,4,3,2025-05-15,Clothing,50000,194000.0,34160.6804057004,5
136,Chair,Jaipur,3,24,2025-05-16,Furniture,5000,11400.0,1339.6643284655593,5
137,Tablet,Jaipur,2,14,2025-05-17,Furniture,20000,34400.0,5826.867454988484,5
138,Laptop,Lucknow,3,18,2025-05-18,Clothing,50000,123000.00000000001,27129.79409175023,5
139,Shoes,Agra,3,16,2025-05-19,Electronics,3000,7560.0,1695.0648408678437,5
140,Headphones,Delhi,4,7,2025-05-20,Electronics,3000,11160.0,2607.6957732995943,5
141,Shirt,Agra,4,19,2025-05-21,Clothing,1500,4860.0,827.004741357682,5
142,Headphones,Agra,5,3,2025-05-22,Electronics,3000,14550.0,3579.9516178140834,5
143,Mobile,Delhi,4,13,2025-05-23,Electronics,30000,104400.0,12964.394932263513,5
144,Tablet,Jaipur,5,0,2025-05-24,Furniture,20000,100000.0,17376.819208927413,5
145,Table,Mumbai,2,14,2025-05-25,Clothing,10000,17200.0,2703.7380460359104,5
146,Mobile,Mumbai,3,4,2025-05-26,Electronics,30000,86400.0,20149.32721872663,5
147,Shoes,Delhi,4,2,2025-05-27,Electronics,3000,11760.0,2800.7010562638243,5
148,Laptop,Jaipur,4,19,2025-05-28,Clothing,50000,162000.0,22708.86442994338,5
149,Tablet,Agra,5,6,2025-05-29,Furniture,20000,94000.0,16932.695236771706,5
150,Mobile,Mumbai,5,15,2025-05-30,Electronics,30000,127500.0,19061.473838965747,5
151,Laptop,Lucknow,5,27,2025-05-31,Clothing,50000,182500.0,40191.90426552363,5
152,Mobile,Jaipur,3,6,2025-06-01,Electronics,30000,84600.0,15942.460036043036,6
153,Mobile,Delhi,2,4,2025-06-02,Electronics,30000,57600.0,10948.795086293272,6
154,Laptop,Jaipur,2,23,2025-06-03,Clothing,50000,77000.0,11428.773384943162,6
155,Mobile,Delhi,2,4,2025-06-04,Electronics,30000,57600.0,10372.998757915486,6
156,Tablet,Delhi,5,9,2025-06-05,Furniture,20000,91000.0,21164.1620580716,6
157,Chair,Delhi,5,11,2025-06-06,Furniture,5000,22250.0,4665.025785561101,6
158,Tablet,Agra,2,14,2025-06-07,Furniture,20000,34400.0,6492.167550416186,6
159,Shoes,Delhi,2,17,2025-06-08,Electronics,3000,4980.0,791.5931759692954,6
160,Mobile,Delhi,4,16,2025-06-09,Electronics,30000,100800.0,14169.358350424323,6
161,Mobile,Delhi,4,30,2025-06-10,Electronics,30000,84000.0,20616.042166749816,6
162,Chair,Jaipur,5,4,2025-06-11,Furniture,5000,24000.0,5637.92484912531,6
163,Laptop,Delhi,3,21,2025-06-12,Clothing,50000,118500.0,26801.452662826672,6
164,Laptop,Lucknow,4,23,2025-06-13,Clothing,50000,154000.0,23998.930261627345,6
165,Shirt,Jaipur,3,12,2025-06-14,Clothing,1500,3960.0,682.603795472873,6
166,Table,Mumbai,1,10,2025-06-15,Clothing,10000,9000.0,1685.7102384981035,6
167,Mobile,Agra,5,10,2025-06-16,Electronics,30000,135000.0,15965.21478295945,6
168,Laptop,Jaipur,3,0,2025-06-17,Clothing,50000,150000.0,22963.473717330202,6
169,Chair,Delhi,3,15,2025-06-18,Furniture,5000,12750.0,1628.8221748318058,6
170,Chair,Lucknow,1,15,2025-06-19,Furniture,5000,4250.0,973.8870082061443,6
171,Shoes,Agra,2,6,2025-06-20,Electronics,3000,5640.0,863.9028093934822,6
172,Shoes,Mumbai,5,16,2025-06-21,Electronics,3000,12600.0,1575.0713681285479,6
173,Shoes,Delhi,3,25,2025-06-22,Electronics,3000,6750.0,1668.1788178606469,6
174,Laptop,Mumbai,5,5,2025-06-23,Clothing,50000,237500.0,42344.623962259335,6
175,Tablet,Mumbai,4,24,2025-06-24,Furniture,20000,60800.0,13092.25333528257,6
176,Headphones,Agra,2,2,2025-06-25,Electronics,3000,5880.0,879.2366636133899,6
177,Shoes,Mumbai,1,24,2025-06-26,Electronics,3000,2280.0,540.6050600698075,6
178,Shirt,Mumbai,2,28,2025-06-27,Clothing,1500,2160.0,505.5874617751299,6
179,Headphones,Jaipur,2,28,2025-06-28,Electronics,3000,4320.0,1079.5096767943248,6
180,Headphones,Lucknow,1,3,2025-06-29,Electronics,3000,2910.0,446.2694563213629,6
181,Tablet,Jaipur,5,13,2025-06-30,Furniture,20000,87000.0,10625.859591783588,6
182,Shoes,Delhi,5,18,2025-07-01,Electronics,3000,12300.000000000002,2141.1445280508783,7
183,Shoes,Mumbai,1,27,2025-07-02,Electronics,3000,2190.0,264.9662886763045,7
184,Table,Jaipur,2,27,2025-07-03,Clothing,10000,14600.0,1764.2790769391152,7
185,Tablet,Delhi,3,15,2025-07-04,Furniture,20000,51000.0,5914.308068084578,7
186,Headphones,Jaipur,3,15,2025-07-05,Electronics,3000,7650.0,895.0408324477442,7
187,Laptop,Delhi,1,13,2025-07-06,Clothing,50000,43500.0,8480.87049063098,7
188,Table,Delhi,5,11,2025-07-07,Clothing,10000,44500.0,7934.021522202171,7
189,Table,Lucknow,2,12,2025-07-08,Clothing,10000,17600.0,2277.846613867592,7
190,Table,Jaipur,3,28,2025-07-09,Clothing,10000,21600.0,4859.348986107439,7
191,Headphones,Delhi,1,4,2025-07-10,Electronics,3000,2880.0,630.4113688789546,7
192,Mobile,Lucknow,5,19,2025-07-11,Electronics,30000,121500.00000000001,30057.90093811279,7
193,Headphones,Mumbai,1,19,2025-07-12,Electronics,3000,2430.0,434.42456953839235,7
194,Shoes,Lucknow,3,23,2025-07-13,Electronics,3000,6930.0,1577.172680540556,7
195,Table,Jaipur,4,6,2025-07-14,Clothing,10000,37600.0,5305.862941437326,7
196,Headphones,Mumbai,3,27,2025-07-15,Electronics,3000,6570.0,773.8942339265838,7
197,Table,Mumbai,1,12,2025-07-16,Clothing,10000,8800.0,1238.7698769936617,7
198,Mobile,Lucknow,2,22,2025-07-17,Electronics,30000,46800.0,4731.3399667843505,7
199,Shirt,Agra,3,18,2025-07-18,Clothing,1500,3690.0000000000005,386.1964002271744,7
200,Headphones,Agra,1,9,2025-07-19,Electronics,3000,2730.0,573.3006823131196,7
201,Laptop,Mumbai,4,29,2025-07-20,Clothing,50000,142000.0,27984.042466654602,7
202,Laptop,Delhi,3,12,2025-07-21,Clothing,50000,132000.0,23775.673146624016,7
203,Table,Delhi,2,1,2025-07-22,Clothing,10000,19800.0,2837.438351272053,7
204,Mobile,Jaipur,5,17,2025-07-23,Electronics,30000,124500.0,30851.338333797063,7
205,Laptop,Jaipur,4,11,2025-07-24,Clothing,50000,178000.0,25859.28749419229,7
206,Table,Agra,5,13,2025-07-25,Clothing,10000,43500.0,8269.542338363417,7
207,Headphones,Jaipur,4,3,2025-07-26,Electronics,3000,11640.0,2480.9208266773376,7
208,Headphones,Mumbai,5,19,2025-07-27,Electronics,3000,12150.0,2090.843707301324,7
209,Tablet,Lucknow,3,0,2025-07-28,Furniture,20000,60000.0,11260.349089072295,7
210,Shirt,Agra,3,20,2025-07-29,Clothing,1500,3600.0,603.1808291617047,7
211,Laptop,Agra,4,28,2025-07-30,Clothing,50000,144000.0,17347.57313812875,7
212,Table,Jaipur,2,23,2025-07-31,Clothing,10000,15400.0,3398.1878402669154,7
213,Laptop,Agra,5,25,2025-08-01,Clothing,50000,187500.0,19154.737134334377,8
214,Chair,Lucknow,5,26,2025-08-02,Furniture,5000,18500.0,2458.089442026067,8
215,Shirt,Lucknow,1,7,2025-08-03,Clothing,1500,1395.0,267.9351276285435,8
216,Table,Jaipur,1,4,2025-08-04,Clothing,10000,9600.0,2352.9330639527207,8
217,Shoes,Agra,5,16,2025-08-05,Electronics,3000,12600.0,2978.818540996511,8
218,Headphones,Delhi,5,18,2025-08-06,Electronics,3000,12300.000000000002,2934.01901068492,8
219,Mobile,Delhi,2,22,2025-08-07,Electronics,30000,46800.0,9292.303803361348,8
220,Mobile,Jaipur,3,7,2025-08-08,Electronics,30000,83700.0,10730.815574126995,8
221,Shoes,Mumbai,3,20,2025-08-09,Electronics,3000,7200.0,1667.3222649237707,8
222,Mobile,Mumbai,4,25,2025-08-10,Electronics,30000,90000.0,19897.51813708462,8
223,Table,Lucknow,1,25,2025-08-11,Clothing,10000,7500.0,1495.3159151201528,8
224,Shoes,Lucknow,4,16,2025-08-12,Electronics,3000,10080.0,2457.289815651871,8
225,Table,Lucknow,1,7,2025-08-13,Clothing,10000,9300.0,971.4479313703375,8
226,Mobile,Mumbai,1,21,2025-08-14,Electronics,30000,23700.0,3684.969475123565,8
227,Mobile,Delhi,3,19,2025-08-15,Electronics,30000,72900.0,17375.40809267724,8
228,Chair,Agra,2,24,2025-08-16,Furniture,5000,7600.0,1774.496928997335,8
229,Shirt,Delhi,3,25,2025-08-17,Clothing,1500,3375.0,763.4615220709126,8
230,Shoes,Delhi,5,9,2025-08-18,Electronics,3000,13650.0,1628.4545771959529,8
231,Chair,Mumbai,1,15,2025-08-19,Furniture,5000,4250.0,871.5190929127455,8
232,Shirt,Jaipur,4,15,2025-08-20,Clothing,1500,5100.0,1127.113865055763,8
233,Headphones,Jaipur,5,9,2025-08-21,Electronics,3000,13650.0,1424.7874698699143,8
234,Shirt,Agra,5,6,2025-08-22,Clothing,1500,7050.0,1040.5108747776972,8
235,Mobile,Agra,2,29,2025-08-23,Electronics,30000,42600.0,9144.004938374506,8
236,Shirt,Delhi,5,16,2025-08-24,Clothing,1500,6300.0,1098.8833010531287,8
237,Shoes,Delhi,5,19,2025-08-25,Electronics,3000,12150.0,2512.91263242023,8
238,Laptop,Jaipur,5,21,2025-08-26,Clothing,50000,197500.0,40644.265353497045,8
239,Headphones,Delhi,5,16,2025-08-27,Electronics,3000,12600.0,2256.6647868921164,8
240,Mobile,Agra,3,9,2025-08-28,Electronics,30000,81900.0,20333.632459968747,8
241,Chair,Mumbai,1,20,2025-08-29,Furniture,5000,4000.0,816.2833973592492,8
242,Chair,Mumbai,3,28,2025-08-30,Furniture,5000,10800.0,2239.113307685676,8
243,Chair,Delhi,2,30,2025-08-31,Furniture,5000,7000.0,827.4629623291953,8
244,Shoes,Delhi,5,21,2025-09-01,Electronics,3000,11850.0,2625.4445050712966,9
245,Shoes,Jaipur,1,1,2025-09-02,Electronics,3000,2970.0,369.4849935235432,9
246,Shoes,Lucknow,3,15,2025-09-03,Electronics,3000,7650.0,1536.1972855021143,9
247,Laptop,Jaipur,1,6,2025-09-04,Clothing,50000,47000.0,11383.055219721946,9
248,Chair,Mumbai,5,4,2025-09-05,Furniture,5000,24000.0,3912.017839993425,9
249,Tablet,Mumbai,2,22,2025-09-06,Furniture,20000,31200.0,4701.398114983775,9
250,Shoes,Mumbai,5,25,2025-09-07,Electronics,3000,11250.0,1580.1137962533187,9
251,Mobile,Jaipur,4,1,2025-09-08,Electronics,30000,118800.0,18367.008780325592,9
252,Tablet,Agra,1,18,2025-09-09,Furniture,20000,16400.0,3881.002497545733,9
253,Mobile,Lucknow,3,23,2025-09-10,Electronics,30000,69300.0,8008.346636228372,9
254,Tablet,Jaipur,2,1,2025-09-11,Furniture,20000,39600.0,9829.750342666823,9
255,Mobile,Lucknow,1,3,2025-09-12,Electronics,30000,29100.0,7186.554249294497,9
256,Shoes,Mumbai,1,18,2025-09-13,Electronics,3000,2460.0,588.4521916948544,9
257,Headphones,Delhi,5,8,2025-09-14,Electronics,3000,13800.0,1981.4228709306458,9
258,Tablet,Delhi,5,28,2025-09-15,Furniture,20000,72000.0,12548.379666730925,9
259,Table,Lucknow,4,9,2025-09-16,Clothing,10000,36400.0,6829.061455995356,9
260,Headphones,Agra,2,30,2025-09-17,Electronics,3000,4200.0,475.9525419285088,9
261,Chair,Delhi,5,26,2025-09-18,Furniture,5000,18500.0,2816.460934899593,9
262,Table,Lucknow,2,23,2025-09-19,Clothing,10000,15400.0,2061.002934467131,9
263,Table,Lucknow,4,13,2025-09-20,Clothing,10000,34800.0,7700.098725203295,9
264,Shirt,Jaipur,4,17,2025-09-21,Clothing,1500,4980.0,593.9175181997688,9
265,Chair,Mumbai,1,0,2025-09-22,Furniture,5000,5000.0,815.6151043812263,9
266,Laptop,Jaipur,3,14,2025-09-23,Clothing,50000,129000.0,16363.662698178317,9
267,Shoes,Delhi,1,8,2025-09-24,Electronics,3000,2760.0,467.7541296631388,9
268,Tablet,Delhi,5,5,2025-09-25,Furniture,20000,95000.0,20623.422783062368,9
269,Tablet,Delhi,2,25,2025-09-26,Furniture,20000,30000.0,7094.189165352254,9
270,Laptop,Agra,4,25,2025-09-27,Clothing,50000,150000.0,31224.59451494937,9
271,Shoes,Agra,1,16,2025-09-28,Electronics,3000,2520.0,498.8836430844677,9
272,Laptop,Agra,4,8,2025-09-29,Clothing,50000,184000.0,35078.82507136302,9
273,Shirt,Jaipur,5,16,2025-09-30,Clothing,1500,6300.0,770.5145670747306,9
274,Shoes,Mumbai,4,0,2025-10-01,Electronics,3000,12000.0,2289.054987457222,10
275,Shoes,Mumbai,1,29,2025-10-02,Electronics,3000,2130.0,304.76340732861553,10
276,Tablet,Mumbai,5,6,2025-10-03,Furniture,20000,94000.0,21885.32772475848,10
277,Table,Mumbai,2,19,2025-10-04,Clothing,10000,16200.000000000002,2207.9969548017666,10
278,Laptop,Delhi,1,18,2025-10-05,Clothing,50000,41000.0,5354.991433578909,10
279,Table,Mumbai,2,19,2025-10-06,Clothing,10000,16200.000000000002,3136.556534179344,10
280,Tablet,Jaipur,2,22,2025-10-07,Furniture,20000,31200.0,4169.9494996876165,10
281,Tablet,Lucknow,5,11,2025-10-08,Furniture,20000,89000.0,15216.25473771985,10
282,Laptop,Delhi,3,19,2025-10-09,Clothing,50000,121500.00000000001,25723.409770824037,10
283,Chair,Lucknow,3,0,2025-10-10,Furniture,5000,15000.0,2317.7459887362143,10
284,Mobile,Lucknow,3,9,2025-10-11,Electronics,30000,81900.0,17108.605377208467,10
285,Shirt,Jaipur,5,11,2025-10-12,Clothing,1500,6675.0,683.3825615634269,10
286,Headphones,Mumbai,5,22,2025-10-13,Electronics,3000,11700.0,2046.121421885646,10
287,Table,Delhi,4,20,2025-10-14,Clothing,10000,32000.0,7135.154685662661,10
288,Tablet,Jaipur,1,0,2025-10-15,Furniture,20000,20000.0,4071.191329928937,10
289,Headphones,Agra,3,14,2025-10-16,Electronics,3000,7740.0,809.2143972783986,10
290,Headphones,Delhi,5,16,2025-10-17,Electronics,3000,12600.0,1324.6306942948497,10
291,Table,Agra,2,25,2025-10-18,Clothing,10000,15000.0,3200.841585585052,10
292,Shirt,Jaipur,4,16,2025-10-19,Clothing,1500,5040.0,658.8303371423183,10
293,Laptop,Lucknow,1,8,2025-10-20,Clothing,50000,46000.0,6275.168879291276,10
294,Shirt,Mumbai,3,16,2025-10-21,Clothing,1500,3780.0,874.7062402346606,10
295,Shirt,Jaipur,5,21,2025-10-22,Clothing,1500,5925.0,1360.2473782540244,10
296,Shirt,Delhi,5,18,2025-10-23,Clothing,1500,6150.000000000001,866.5040850746249,10
297,Shoes,Delhi,3,28,2025-10-24,Electronics,3000,6480.0,1184.507677992191,10
298,Chair,Delhi,4,19,2025-10-25,Furniture,5000,16200.000000000002,3877.182835970449,10
299,Mobile,Lucknow,5,4,2025-10-26,Electronics,30000,144000.0,21122.546460407826,10
300,Tablet,Jaipur,2,25,2025-10-27,Furniture,20000,30000.0,3913.16222402747,10
301,Laptop,Mumbai,3,12,2025-10-28,Clothing,50000,132000.0,31563.862686399385,10
302,Chair,Mumbai,1,10,2025-10-29,Furniture,5000,4500.0,710.1126298173405,10
303,Chair,Mumbai,1,19,2025-10-30,Furniture,5000,4050.0000000000005,988.6838206062242,10
304,Shoes,Agra,3,2,2025-10-31,Electronics,3000,8820.0,1596.625915632774,10
305,Table,Mumbai,1,30,2025-11-01,Clothing,10000,7000.0,1059.1828904667912,11
306,Table,Jaipur,5,27,2025-11-02,Clothing,10000,36500.0,4844.973155202409,11
307,Chair,Jaipur,2,24,2025-11-03,Furniture,5000,7600.0,1338.0402463570038,11
308,Shoes,Lucknow,3,0,2025-11-04,Electronics,3000,9000.0,1708.3837726766462,11
309,Tablet,Delhi,1,16,2025-11-05,Furniture,20000,16800.0,3416.987204259315,11
310,Mobile,Mumbai,1,1,2025-11-06,Electronics,30000,29700.0,3159.91329276128,11
311,Chair,Jaipur,3,16,2025-11-07,Furniture,5000,12600.0,1283.6509426207137,11
312,Laptop,Jaipur,3,27,2025-11-08,Clothing,50000,109500.0,19369.530108550818,11
313,Headphones,Mumbai,3,23,2025-11-09,Electronics,3000,6930.0,1683.5251773813395,11
314,Chair,Jaipur,3,25,2025-11-10,Furniture,5000,11250.0,1702.5843987907308,11
315,Tablet,Delhi,4,17,2025-11-11,Furniture,20000,66400.0,12028.524841859533,11
316,Shoes,Agra,5,10,2025-11-12,Electronics,3000,13500.0,1720.4768186990104,11
317,Chair,Delhi,3,26,2025-11-13,Furniture,5000,11100.0,2250.54627356214,11
318,Mobile,Lucknow,3,22,2025-11-14,Electronics,30000,70200.0,13183.241090473253,11
319,Laptop,Jaipur,3,18,2025-11-15,Clothing,50000,123000.00000000001,20540.86083506911,11
320,Laptop,Lucknow,3,9,2025-11-16,Clothing,50000,136500.0,17794.718521786897,11
321,Headphones,Mumbai,1,26,2025-11-17,Electronics,3000,2220.0,432.953537867739,11
322,Shirt,Delhi,3,0,2025-11-18,Clothing,1500,4500.0,1044.5754939905164,11
323,Tablet,Lucknow,3,21,2025-11-19,Furniture,20000,47400.0,6989.628508042709,11
324,Mobile,Lucknow,1,27,2025-11-20,Electronics,30000,21900.0,3091.307221261571,11
325,Shirt,Agra,3,1,2025-11-21,Clothing,1500,4455.0,1088.9470290695333,11
326,Mobile,Agra,2,19,2025-11-22,Electronics,30000,48600.0,5350.09789780529,11
327,Shirt,Lucknow,5,11,2025-11-23,Clothing,1500,6675.0,691.9595108347498,11
328,Mobile,Lucknow,2,0,2025-11-24,Electronics,30000,60000.0,7521.22786078423,11
329,Headphones,Jaipur,1,11,2025-11-25,Electronics,3000,2670.0,397.0622671222959,11
330,Shoes,Agra,5,22,2025-11-26,Electronics,3000,11700.0,1974.2865148883666,11
331,Tablet,Mumbai,2,13,2025-11-27,Furniture,20000,34800.0,4383.76554939734,11
332,Shirt,Agra,5,26,2025-11-28,Clothing,1500,5550.0,835.3294316784767,11
333,Table,Jaipur,5,4,2025-11-29,Clothing,10000,48000.0,9248.918675660969,11
334,Table,Mumbai,3,8,2025-11-30,Clothing,10000,27600.0,4825.1103006848,11
335,Laptop,Jaipur,1,0,2025-12-01,Clothing,50000,50000.0,7292.023882885737,12
336,Chair,Delhi,1,15,2025-12-02,Furniture,5000,4250.0,806.8556582671346,12
337,Tablet,Lucknow,3,9,2025-12-03,Furniture,20000,54600.0,5802.33543888462,12
338,Table,Jaipur,2,12,2025-12-04,Clothing,10000,17600.0,3255.8770919175417,12
339,Laptop,Jaipur,2,29,2025-12-05,Clothing,50000,71000.0,12073.929206983716,12
340,Headphones,Jaipur,5,1,2025-12-06,Electronics,3000,14850.0,2079.853010595781,12
341,Shirt,Delhi,3,30,2025-12-07,Clothing,1500,3150.0,448.8032096475132,12
342,Chair,Delhi,4,23,2025-12-08,Furniture,5000,15400.0,2940.2796987006504,12
343,Shirt,Jaipur,2,1,2025-12-09,Clothing,1500,2970.0,415.4915032429541,12
344,Mobile,Delhi,5,2,2025-12-10,Electronics,30000,147000.0,20329.86161951264,12
345,Table,Lucknow,4,26,2025-12-11,Clothing,10000,29600.0,3144.669920635436,12
346,Table,Agra,1,7,2025-12-12,Clothing,10000,9300.0,969.4833142124181,12
347,Tablet,Lucknow,5,6,2025-12-13,Furniture,20000,94000.0,17589.52140254501,12
348,Headphones,Delhi,2,28,2025-12-14,Electronics,3000,4320.0,685.1292903444536,12
349,Chair,Agra,4,6,2025-12-15,Furniture,5000,18800.0,2188.8538194876146,12
350,Table,Lucknow,2,30,2025-12-16,Clothing,10000,14000.0,1594.9856887012336,12
351,Shirt,Delhi,3,7,2025-12-17,Clothing,1500,4185.0,808.3216655023533,12
352,Chair,Mumbai,3,21,2025-12-18,Furniture,5000,11850.0,2035.1006044587803,12
353,Shoes,Mumbai,3,11,2025-12-19,Electronics,3000,8010.0,1693.946902199819,12
354,Table,Delhi,5,17,2025-12-20,Clothing,10000,41500.0,6097.904857554346,12
355,Laptop,Jaipur,1,13,2025-12-21,Clothing,50000,43500.0,10339.197614189627,12
356,Laptop,Delhi,1,30,2025-12-22,Clothing,50000,35000.0,3876.649412807779,12
357,Shoes,Mumbai,4,27,2025-12-23,Electronics,3000,8760.0,1907.1485424897198,12
358,Tablet,Jaipur,1,15,2025-12-24,Furniture,20000,17000.0,4180.623006408983,12
359,Chair,Delhi,1,9,2025-12-25,Furniture,5000,4550.0,799.4622633847501,12
360,Shoes,Agra,1,20,2025-12-26,Electronics,3000,2400.0,254.55705892555105,12
361,Headphones,Mumbai,4,2,2025-12-27,Electronics,3000,11760.0,2049.454368647023,12
362,Table,Agra,3,6,2025-12-28,Clothing,10000,28200.0,3662.5211471788675,12
363,Mobile,Delhi,2,5,2025-12-29,Electronics,30000,57000.0,7826.309987330334,12
364,Headphones,Delhi,5,14,2025-12-30,Electronics,3000,12900.0,2243.4153526633745,12
365,Laptop,Lucknow,1,22,2025-12-31,Clothing,50000,39000.0,7417.853125532657,12
366,Headphones,Mumbai,5,14,2026-01-01,Electronics,3000,12900.0,2089.791640096344,1
367,Laptop,Jaipur,2,2,2026-01-02,Clothing,50000,98000.0,16969.025123467294,1
368,Headphones,Mumbai,3,19,2026-01-03,Electronics,3000,7290.000000000001,1432.6494727637973,1
369,Mobile,Delhi,2,23,2026-01-04,Electronics,30000,46200.0,9874.974056216055,1
370,Shoes,Mumbai,4,25,2026-01-05,Electronics,3000,9000.0,2053.524494343622,1
371,Tablet,Agra,4,9,2026-01-06,Furniture,20000,72800.0,16962.73963852307,1
372,Headphones,Agra,2,22,2026-01-07,Electronics,3000,4680.0,707.2989351932866,1
373,Mobile,Agra,1,14,2026-01-08,Electronics,30000,25800.0,5956.192616237467,1
374,Mobile,Mumbai,2,28,2026-01-09,Electronics,30000,43200.0,5734.214453616795,1
375,Table,Agra,4,10,2026-01-10,Clothing,10000,36000.0,5557.3698204802995,1
376,Tablet,Mumbai,5,5,2026-01-11,Furniture,20000,95000.0,16760.36915942977,1
377,Chair,Agra,1,7,2026-01-12,Furniture,5000,4650.0,685.7486415672716,1
378,Laptop,Agra,2,4,2026-01-13,Clothing,50000,96000.0,23725.061540036353,1
379,Headphones,Jaipur,1,7,2026-01-14,Electronics,3000,2790.0,659.8272629964848,1
380,Shoes,Jaipur,4,28,2026-01-15,Electronics,3000,8640.0,1615.8141967273077,1
381,Shoes,Agra,4,11,2026-01-16,Electronics,3000,10680.0,1871.8687867494332,1
382,Table,Lucknow,4,9,2026-01-17,Clothing,10000,36400.0,6547.94051970212,1
383,Laptop,Agra,2,19,2026-01-18,Clothing,50000,81000.0,9106.153779877599,1
384,Tablet,Delhi,1,26,2026-01-19,Furniture,20000,14800.0,1886.9946076774343,1
385,Laptop,Lucknow,1,8,2026-01-20,Clothing,50000,46000.0,10445.771239448033,1
386,Mobile,Jaipur,3,22,2026-01-21,Electronics,30000,70200.0,9030.04733075089,1
387,Chair,Jaipur,1,18,2026-01-22,Furniture,5000,4100.0,669.7857561053269,1
388,Table,Jaipur,4,3,2026-01-23,Clothing,10000,38800.0,4729.929587478328,1
389,Headphones,Lucknow,5,11,2026-01-24,Electronics,3000,13350.0,3238.4266627260727,1
390,Shoes,Jaipur,4,5,2026-01-25,Electronics,3000,11400.0,1263.2357756645881,1
391,Chair,Jaipur,4,9,2026-01-26,Furniture,5000,18200.0,1878.0132556466012,1
392,Shirt,Agra,3,1,2026-01-27,Clothing,1500,4455.0,479.1136802813476,1
393,Laptop,Mumbai,1,14,2026-01-28,Clothing,50000,43000.0,6903.500457098065,1
394,Laptop,Delhi,3,26,2026-01-29,Clothing,50000,111000.0,11427.63706241053,1
395,Shoes,Delhi,5,5,2026-01-30,Electronics,3000,14250.0,1519.7668412486335,1
396,Table,Mumbai,4,13,2026-01-31,Clothing,10000,34800.0,8407.58235802583,1
397,Shirt,Lucknow,2,1,2026-02-01,Clothing,1500,2970.0,324.59645919660056,2
398,Headphones,Delhi,5,30,2026-02-02,Electronics,3000,10500.0,2092.275434254847,2
399,Shirt,Mumbai,5,17,2026-02-03,Clothing,1500,6225.0,1210.0707338274829,2
400,Chair,Agra,4,13,2026-02-04,Furniture,5000,17400.0,3552.704080906357,2
